insert into TPACTIVATION (TECHPACK_NAME, STATUS, VERSIONID, TYPE, MODIFIED) values ('DC_E_MGW', 'active', 'DC_E_MGW:((999))', 'PM', 0);
insert into TPACTIVATION (TECHPACK_NAME, STATUS, VERSIONID, TYPE, MODIFIED) values ('DC_E_SGSN', 'active', 'DC_E_SGSN:((999))', 'PM', 0);
insert into TPACTIVATION (TECHPACK_NAME, STATUS, VERSIONID, TYPE, MODIFIED) values ('DIM_E_UTRAN', 'active', 'DIM_E_UTRAN:((120))', 'Topology', 0);
insert into TPACTIVATION (TECHPACK_NAME, STATUS, VERSIONID, TYPE, MODIFIED) values ('EVENT_E_ABC', 'active', 'EVENT_E_ABC:((1))', 'ENIQ_EVENT', 0);

insert into DWHTechPacks (TECHPACK_NAME, VERSIONID, CREATIONDATE) values ('DC_E_MGW', 'DC_E_MGW:((999))', '2011-04-05 22:41:55.0');
insert into DWHTechPacks (TECHPACK_NAME, VERSIONID, CREATIONDATE) values ('DC_E_SGSN', 'DC_E_SGSN:((999))', '2011-04-05 22:41:55.0');
insert into DWHTechPacks (TECHPACK_NAME, VERSIONID, CREATIONDATE) values ('DIM_E_UTRAN', 'DIM_E_UTRAN:((120))', '2011-04-06 22:41:55.0');

insert into Versioning (VERSIONID, DESCRIPTION, STATUS, TECHPACK_NAME, TECHPACK_VERSION, TECHPACK_TYPE, PRODUCT_NUMBER, LOCKEDBY, LOCKDATE, BASEDEFINITION,
BASEVERSION, INSTALLDESCRIPTION, UNIVERSENAME, UNIVERSEEXTENSION, ENIQ_LEVEL, LICENSENAME) VALUES 
('DC_E_MGW:((999))', 'Ericsson MGW',  1, 'DC_E_MGW', 'R5A', 'PM', 'COA 252 133/1', null, null, 'TP_BASE:BASE_TP_090923', null, null, null, null, 2.0, 'CXC4010588');

insert into Versioning (VERSIONID, DESCRIPTION, STATUS, TECHPACK_NAME, TECHPACK_VERSION, TECHPACK_TYPE, PRODUCT_NUMBER, LOCKEDBY, LOCKDATE, BASEDEFINITION,
BASEVERSION, INSTALLDESCRIPTION, UNIVERSENAME, UNIVERSEEXTENSION, ENIQ_LEVEL, LICENSENAME) VALUES 
('DC_E_SGSN:((999))', 'Ericsson SGSN',  1, 'DC_E_SGSN', 'R6A', 'PM', 'COA 252 133/1', null, null, 'TP_BASE:BASE_TP_090924', null, null, null, null, 2.0, 'CXC4010588');

insert into Versioning (VERSIONID, DESCRIPTION, STATUS, TECHPACK_NAME, TECHPACK_VERSION, TECHPACK_TYPE, PRODUCT_NUMBER, LOCKEDBY, LOCKDATE, BASEDEFINITION,
BASEVERSION, INSTALLDESCRIPTION, UNIVERSENAME, UNIVERSEEXTENSION, ENIQ_LEVEL, LICENSENAME) VALUES 
('DIM_E_UTRAN:((120))', 'Ericsson UTRAN Topology',  1, 'DIM_E_UTRAN', 'R7A', 'Topology', 'COA 252 133/1', null, null, 'TP_BASE:BASE_TP_090925', null, null, null, null, 2.0, 'CXC4010588');

insert into Aggregation ( AGGREGATION, VERSIONID, AGGREGATIONSET, AGGREGATIONGROUP, REAGGREGATIONSET, REAGGREGATIONGROUP, GROUPORDER, 
AGGREGATIONORDER, AGGREGATIONTYPE, AGGREGATIONSCOPE) VALUES
('DC_E_BSS_LAPD_DAY', 'DC_E_BSS:((18))', null, null, null, null, null, null, 'TOTAL', 'DAY');

insert into Aggregation ( AGGREGATION, VERSIONID, AGGREGATIONSET, AGGREGATIONGROUP, REAGGREGATIONSET, REAGGREGATIONGROUP, GROUPORDER, 
AGGREGATIONORDER, AGGREGATIONTYPE, AGGREGATIONSCOPE) VALUES
('DC_E_BSS_ATERTRANS_DAY', 'DC_E_BSS:((18))', null, null, null, null, null, null, 'TOTAL', 'DAYBH');

insert into TypeActivation (TECHPACK_NAME, STATUS, TYPENAME, TABLELEVEL, STORAGETIME, TYPE, PARTITIONPLAN) VALUES 
('DWH_MONITOR', 'ACTIVE', 'LOG_SESSION_ADAPTER', 'PLAIN', '1', 'Measurement', 'extralarge_plain');  

insert into TypeActivation (TECHPACK_NAME, STATUS, TYPENAME, TABLELEVEL, STORAGETIME, TYPE, PARTITIONPLAN) VALUES 
('DWH_MONITOR', 'ACTIVE', 'LOG_SESSION_LOADER', 'PLAIN', '1', 'Measurement', 'extralarge_plain'); 

insert into TypeActivation (TECHPACK_NAME, STATUS, TYPENAME, TABLELEVEL, STORAGETIME, TYPE, PARTITIONPLAN) VALUES 
('DC_E_BSS', 'ACTIVE', 'DC_E_BSS_ATERTRANS', 'RAW', '1', 'Measurement', 'extralarge_plain'); 

insert into Partitionplan (PARTITIONPLAN, DEFAULTSTORAGETIME, DEFAULTPARTITIONSIZE, MAXSTORAGETIME, PARTITIONTYPE) VALUES
('extralarge_plain', 14, 48, 30, 123); 

insert into PartitionPlan (PARTITIONPLAN, DEFAULTSTORAGETIME, DEFAULTPARTITIONSIZE, MAXSTORAGETIME, PARTITIONTYPE) VALUES
('extralarge_plain', 14, 48, 30, 124); 

INSERT INTO DWHType VALUES('DC_E_BSS','DC_E_BSS_TRC_RAW', 7);
INSERT INTO DWHType VALUES('DWH_MONITOR','Log_LoadStatus', 5);
INSERT INTO DWHPartition VALUES ('EVENT_E_USER_PLANE_CLASSIFICATION:RAW','EVENT_E_USER_PLANE_CLASSIFICATION_RAW');
INSERT INTO DWHColumn  VALUES ('EVENT_E_USER_PLANE_CLASSIFICATION:RAW','datetime_id');
INSERT INTO DWHPartition VALUES ('DC_E_RAN_RNC:RAW','DC_E_RAN_RNC_RAW');
INSERT INTO DWHColumn  VALUES ('DC_E_RAN_RNC:RAW','date_id');
insert into MeasurementType values
('DC_E_MGW:((999)):DC_E_MGW_SWITCHSTP', 'DC_E_MGW:((999)):DC_E_MGW_Ethernet', 'DC_E_MGW_SWITCHSTP', 'DC_E_MGW', 'DC_E_MGW_SWITCHSTP', 'Text', null, 'DC_E_MGW:((999))', 'DC_E_MGW:((999)):DC_E_MGW_SWITCHSTP', 'DC_E_MGW_SWITCHSTP', null, null, '', 'small', 1, 1, 0, 0, 0, 'b', 0, 1, null);


INSERT INTO ENIQ_EVENTS_ADMIN_PROPERTIES (PARAM_NAME, PARAM_VALUE, MODIFIED_BY) VALUES ('ENIQ_EVENTS_LOCK_USERS', 'false', 'dcuser');
INSERT INTO ENIQ_EVENTS_ADMIN_PROPERTIES (PARAM_NAME, PARAM_VALUE, MODIFIED_BY) VALUES ('ENIQ_EVENTS_MAX_USER_SESSIONS', '150', 'dcuser');
INSERT INTO ENIQ_EVENTS_ADMIN_PROPERTIES (PARAM_NAME, PARAM_VALUE, MODIFIED_BY) VALUES ('ENIQ_EVENTS_BANNER_MESSAGE', '', 'dcuser');
INSERT INTO ENIQ_EVENTS_ADMIN_PROPERTIES (PARAM_NAME, PARAM_VALUE, MODIFIED_BY) VALUES ('ENIQ_EVENTS_LAST_LOGIN_THRESHOLD', '90', 'dcuser');

